algo_name,total_cities,optimal_distance
NearestNeighbor,4,1667.3405239555284
AntColonyOptimization,4,1667.3405239555284
NearestNeighbor,5,1848.845471930698
AntColonyOptimization,5,1848.845471930698
NearestNeighbor,6,1856.304300315766
AntColonyOptimization,6,1856.304300315766
NearestNeighbor,7,1953.7644753052114
AntColonyOptimization,7,1953.7644753052114
NearestNeighbor,8,2010.5773372098415
AntColonyOptimization,8,2010.5773372098415
NearestNeighbor,9,2149.1989675075306
AntColonyOptimization,9,2149.1989675075306
NearestNeighbor,10,2166.994029007384
AntColonyOptimization,10,2166.994029007384
NearestNeighbor,11,2342.661070417745
AntColonyOptimization,11,2342.661070417745
NearestNeighbor,12,2585.136589724694
AntColonyOptimization,12,2433.8749386408554
NearestNeighbor,13,2585.579741180379
AntColonyOptimization,13,2569.6667612593023
NearestNeighbor,14,2598.444443104186
AntColonyOptimization,14,2505.995751663892
NearestNeighbor,15,2617.58027971052
AntColonyOptimization,15,2482.3693455243833
NearestNeighbor,16,2659.3724393627626
AntColonyOptimization,16,2524.161505176626
NearestNeighbor,17,2816.720358470284
AntColonyOptimization,17,2557.998907065423
NearestNeighbor,18,2657.6223675070805
AntColonyOptimization,18,2784.8559264349315
NearestNeighbor,19,2886.766956966069
AntColonyOptimization,19,2767.569033091582
NearestNeighbor,20,2888.221135546489
AntColonyOptimization,20,2888.221135546489
NearestNeighbor,21,2888.6071463289363
AntColonyOptimization,21,2819.992369095711
NearestNeighbor,22,2916.894531880975
AntColonyOptimization,22,2768.7443388408574
NearestNeighbor,23,2921.3728022141195
AntColonyOptimization,23,2773.2226091740017
NearestNeighbor,24,3060.861624986524
AntColonyOptimization,24,2911.844120556681
NearestNeighbor,25,3262.7513563773664
AntColonyOptimization,25,3114.6011633372486
NearestNeighbor,26,3262.908534800092
AntColonyOptimization,26,3084.725648095557
NearestNeighbor,27,3337.9183460872446
AntColonyOptimization,27,3199.1915375232043
NearestNeighbor,28,3652.298679782581
AntColonyOptimization,28,3547.5648218397073
NearestNeighbor,29,3656.906460605527
AntColonyOptimization,29,3292.9864393779726
NearestNeighbor,30,3658.5046315252634
AntColonyOptimization,30,3353.004434355105
NearestNeighbor,31,3668.8228611930676
AntColonyOptimization,31,3480.933479320477
NearestNeighbor,32,3751.8687306046722
AntColonyOptimization,32,3384.844341177859
NearestNeighbor,33,4243.084441950616
AntColonyOptimization,33,3488.81128495248
NearestNeighbor,34,4243.185871531195
AntColonyOptimization,34,3556.3059329755283
NearestNeighbor,35,4384.318810938619
AntColonyOptimization,35,3673.19094234069
NearestNeighbor,36,4425.0475217745125
AntColonyOptimization,36,3730.899154915256
NearestNeighbor,37,4435.91225033499
AntColonyOptimization,37,3806.2996980883427
NearestNeighbor,38,4455.26253830686
AntColonyOptimization,38,3835.008275427179
NearestNeighbor,39,3971.2036681946397
AntColonyOptimization,39,3931.504559407516
NearestNeighbor,40,4631.357118166593
AntColonyOptimization,40,3936.57065274353
NearestNeighbor,41,4632.059516460284
AntColonyOptimization,41,3601.233584057667
NearestNeighbor,42,4778.281594182573
AntColonyOptimization,42,3848.0523334317945
NearestNeighbor,43,4821.172951079121
AntColonyOptimization,43,4343.980904360432
NearestNeighbor,44,4967.562956762261
AntColonyOptimization,44,4439.725033902276
NearestNeighbor,45,5014.1875765872655
AntColonyOptimization,45,4276.803245841707
NearestNeighbor,46,5021.968520852038
AntColonyOptimization,46,4439.198201034074
NearestNeighbor,47,5153.952075339084
AntColonyOptimization,47,4355.979939135523
NearestNeighbor,48,5174.92565043168
AntColonyOptimization,48,4442.2718102086865
NearestNeighbor,49,5386.9751968392275
AntColonyOptimization,49,4244.757508164759
NearestNeighbor,50,6145.580492373743
AntColonyOptimization,50,4326.173823538156
NearestNeighbor,51,6209.736802761507
AntColonyOptimization,51,4585.503086883536
NearestNeighbor,52,6277.365560175008
AntColonyOptimization,52,4560.187893020779
NearestNeighbor,53,5059.634592231424
AntColonyOptimization,53,4776.909176343923
NearestNeighbor,54,6210.596667459461
AntColonyOptimization,54,4585.0999013252695
NearestNeighbor,55,6263.80310840137
AntColonyOptimization,55,4756.9278858773205
NearestNeighbor,56,16711.454755973627
AntColonyOptimization,56,16053.618230394222
NearestNeighbor,57,16778.03026229904
AntColonyOptimization,57,15848.027107546202
NearestNeighbor,58,16779.823006192924
AntColonyOptimization,58,16221.911293079831
NearestNeighbor,59,16808.884219315947
AntColonyOptimization,59,15916.166118401226
NearestNeighbor,60,17004.879064364603
AntColonyOptimization,60,15958.28809839214
NearestNeighbor,61,16805.273795237612
AntColonyOptimization,61,16100.681212093717
NearestNeighbor,62,16861.62163621376
AntColonyOptimization,62,16269.934459037828
NearestNeighbor,63,16382.760660193235
AntColonyOptimization,63,16206.951334474907
NearestNeighbor,64,16402.213464715787
AntColonyOptimization,64,16507.203968258367
NearestNeighbor,65,16535.47824792027
AntColonyOptimization,65,16373.925884836719
NearestNeighbor,66,16467.6699212492
AntColonyOptimization,66,16426.358321599582
NearestNeighbor,67,16473.238012831778
AntColonyOptimization,67,15713.591571705083
NearestNeighbor,68,16485.092513776457
AntColonyOptimization,68,16032.388714109113
NearestNeighbor,69,16491.111434771276
AntColonyOptimization,69,16171.490549833334
NearestNeighbor,70,17228.172075485618
AntColonyOptimization,70,16525.36386977312
NearestNeighbor,71,17282.439177829718
AntColonyOptimization,71,16363.618587787008
NearestNeighbor,72,17283.04851817616
AntColonyOptimization,72,16665.71461517999
NearestNeighbor,73,17359.066258807554
AntColonyOptimization,73,16256.216156592749
NearestNeighbor,74,17363.248715455265
AntColonyOptimization,74,16555.919791503016
NearestNeighbor,75,17364.53012132295
AntColonyOptimization,75,16337.151724530142
NearestNeighbor,76,17589.530569975275
AntColonyOptimization,76,16479.77530279352
NearestNeighbor,77,17598.981033603013
AntColonyOptimization,77,16548.436068621784
NearestNeighbor,78,17618.231185395234
AntColonyOptimization,78,16836.35604184545
NearestNeighbor,79,17767.13834169194
AntColonyOptimization,79,16912.04895739833
NearestNeighbor,80,17698.382504696965
AntColonyOptimization,80,17115.199315111466
NearestNeighbor,81,17724.231409120734
AntColonyOptimization,81,17033.416085011424
NearestNeighbor,82,17755.823949698315
AntColonyOptimization,82,17382.335215042225
NearestNeighbor,83,17770.868531569602
AntColonyOptimization,83,17091.469179420474
NearestNeighbor,84,17845.525741352543
AntColonyOptimization,84,16699.382601252433
NearestNeighbor,85,17858.96603619529
AntColonyOptimization,85,16964.44127069551
NearestNeighbor,86,17888.57538527907
AntColonyOptimization,86,17213.644527444267
NearestNeighbor,87,18035.17816413021
AntColonyOptimization,87,17185.612543989995
NearestNeighbor,88,18035.456845749162
AntColonyOptimization,88,17319.01746754401
NearestNeighbor,89,18036.61689446038
AntColonyOptimization,89,17301.16182540655
NearestNeighbor,90,17829.4201874311
AntColonyOptimization,90,17202.006015439936
NearestNeighbor,91,17833.44896436029
AntColonyOptimization,91,17200.769203278698
NearestNeighbor,92,17852.626999882537
AntColonyOptimization,92,17394.112159381722
NearestNeighbor,93,17865.026285845637
AntColonyOptimization,93,17262.51495366039
NearestNeighbor,94,17856.321427153318
AntColonyOptimization,94,16836.2175330606
NearestNeighbor,95,17861.77035433849
AntColonyOptimization,95,17432.579556205175
NearestNeighbor,96,17913.781410839605
AntColonyOptimization,96,16963.60688630093
NearestNeighbor,97,17913.933206399473
AntColonyOptimization,97,17377.258969339666
NearestNeighbor,98,17913.96305866887
AntColonyOptimization,98,16912.58110538497
NearestNeighbor,99,17898.936047030416
AntColonyOptimization,99,17082.13959258903
NearestNeighbor,100,18079.58197997757
AntColonyOptimization,100,17182.432329422165
NearestNeighbor,101,17996.37782316667
AntColonyOptimization,101,17581.73530066971
NearestNeighbor,102,17996.518885801757
AntColonyOptimization,102,16756.86468127722
NearestNeighbor,103,18080.42976880265
AntColonyOptimization,103,17411.577867727123
NearestNeighbor,104,18103.797265580142
AntColonyOptimization,104,17396.060083775137
NearestNeighbor,105,18109.45301757249
AntColonyOptimization,105,17517.59917947281
NearestNeighbor,106,18135.1580872793
AntColonyOptimization,106,17451.496682062563
NearestNeighbor,107,18177.439646891282
AntColonyOptimization,107,17664.596230696985
NearestNeighbor,108,18190.195833415695
AntColonyOptimization,108,17273.271767617527
NearestNeighbor,109,18200.49594983696
AntColonyOptimization,109,17574.20066385597
NearestNeighbor,110,18241.97103711143
AntColonyOptimization,110,17465.499391304096
NearestNeighbor,111,18326.496924595558
AntColonyOptimization,111,17482.198448468327
NearestNeighbor,112,18336.239748287942
AntColonyOptimization,112,17890.516962307367
NearestNeighbor,113,18629.695058092624
AntColonyOptimization,113,17606.309829886875
NearestNeighbor,114,18630.27940293485
AntColonyOptimization,114,18113.72803478692
NearestNeighbor,115,18630.87717794253
AntColonyOptimization,115,18013.77274801744
NearestNeighbor,116,19301.813854726894
AntColonyOptimization,116,18067.838898242364
NearestNeighbor,117,19442.335282663837
AntColonyOptimization,117,18765.07691227197
NearestNeighbor,118,19480.289308840933
AntColonyOptimization,118,18934.628621366497
NearestNeighbor,119,20698.510238448856
AntColonyOptimization,119,19735.925153574823
NearestNeighbor,120,20709.097904415998
AntColonyOptimization,120,18955.01333630965
NearestNeighbor,121,19682.64067376933
AntColonyOptimization,121,19605.76469709251
NearestNeighbor,122,19720.739441218888
AntColonyOptimization,122,19402.89945067423
NearestNeighbor,123,19849.503696489417
AntColonyOptimization,123,19825.163479251973
NearestNeighbor,124,19905.781218354197
AntColonyOptimization,124,20008.500273440142
NearestNeighbor,125,20026.264197996985
AntColonyOptimization,125,19929.702888026557
NearestNeighbor,126,20592.653141885014
AntColonyOptimization,126,19741.502528607674
NearestNeighbor,127,20593.870330415884
AntColonyOptimization,127,20539.37851920475
NearestNeighbor,128,20611.900197187755
AntColonyOptimization,128,20301.15016218326
NearestNeighbor,129,21220.697862551187
AntColonyOptimization,129,19915.97556724355
NearestNeighbor,130,21044.870349546374
AntColonyOptimization,130,20271.128830528673
NearestNeighbor,131,21051.695027713875
AntColonyOptimization,131,20780.787468282426
NearestNeighbor,132,21074.6288381039
AntColonyOptimization,132,20306.578474473354
NearestNeighbor,133,21324.77183428748
AntColonyOptimization,133,20493.618205157978
NearestNeighbor,134,21232.425311911848
AntColonyOptimization,134,20854.686168538392
NearestNeighbor,135,21396.416164495586
AntColonyOptimization,135,20728.32829235274
NearestNeighbor,136,21230.66510351157
AntColonyOptimization,136,20856.510854833577
NearestNeighbor,137,21304.736533340525
AntColonyOptimization,137,20446.600764798557
NearestNeighbor,138,21330.05930830396
AntColonyOptimization,138,21212.55869550104
NearestNeighbor,139,21402.779959639727
AntColonyOptimization,139,20771.966616966267
NearestNeighbor,140,21213.19202089269
AntColonyOptimization,140,20221.883622726673
NearestNeighbor,141,22037.57166242435
AntColonyOptimization,141,20949.721116029406
NearestNeighbor,142,22047.636059183944
AntColonyOptimization,142,20852.170955801554
NearestNeighbor,143,22085.45728877052
AntColonyOptimization,143,21519.507952409393
NearestNeighbor,144,22202.177444418165
AntColonyOptimization,144,21720.1495730396
NearestNeighbor,145,22257.058511839557
AntColonyOptimization,145,21352.31100470781
NearestNeighbor,146,22332.592574879756
AntColonyOptimization,146,21667.345971075225
NearestNeighbor,147,22495.62429531552
AntColonyOptimization,147,21167.774416274395
NearestNeighbor,148,22675.62557043718
AntColonyOptimization,148,21264.355724513847
NearestNeighbor,149,22675.62557043718
AntColonyOptimization,149,21370.24374726076
NearestNeighbor,150,22675.62557043718
AntColonyOptimization,150,21501.203575830303
NearestNeighbor,151,22675.62557043718
AntColonyOptimization,151,21747.97335705372
NearestNeighbor,152,22675.62557043718
AntColonyOptimization,152,21699.352105837137
NearestNeighbor,153,22675.62557043718
AntColonyOptimization,153,21523.610501753566
NearestNeighbor,154,22675.62557043718
AntColonyOptimization,154,21823.269307715353
NearestNeighbor,155,22675.62557043718
AntColonyOptimization,155,21223.10620583695
NearestNeighbor,156,22675.62557043718
AntColonyOptimization,156,21874.503132904832
NearestNeighbor,157,22675.62557043718
AntColonyOptimization,157,21727.70040155554
NearestNeighbor,158,22675.62557043718
AntColonyOptimization,158,21612.528008845762
NearestNeighbor,159,22675.62557043718
AntColonyOptimization,159,20824.46192198483
NearestNeighbor,160,22675.62557043718
AntColonyOptimization,160,21442.701389291775
NearestNeighbor,161,22675.62557043718
AntColonyOptimization,161,21623.258852233135
NearestNeighbor,162,22675.62557043718
AntColonyOptimization,162,21737.007153929775
NearestNeighbor,163,22675.62557043718
AntColonyOptimization,163,21199.351644048154
NearestNeighbor,164,22675.62557043718
AntColonyOptimization,164,21366.028336349467
NearestNeighbor,165,22675.62557043718
AntColonyOptimization,165,21152.782476295928
NearestNeighbor,166,22675.62557043718
AntColonyOptimization,166,21419.893928505564
NearestNeighbor,167,22675.62557043718
AntColonyOptimization,167,21987.83374787102
NearestNeighbor,168,22675.62557043718
AntColonyOptimization,168,21112.726700174793
NearestNeighbor,169,22675.62557043718
AntColonyOptimization,169,21468.57205499547
NearestNeighbor,170,22675.62557043718
AntColonyOptimization,170,21363.948304727888
NearestNeighbor,171,22675.62557043718
AntColonyOptimization,171,21125.532330318096
NearestNeighbor,172,22675.62557043718
AntColonyOptimization,172,21246.57011068177
NearestNeighbor,173,22675.62557043718
AntColonyOptimization,173,21004.31022649174
NearestNeighbor,174,22675.62557043718
AntColonyOptimization,174,21669.707221705
NearestNeighbor,175,22675.62557043718
AntColonyOptimization,175,21627.944745961606
NearestNeighbor,176,22675.62557043718
AntColonyOptimization,176,21621.335824652626
NearestNeighbor,177,22675.62557043718
AntColonyOptimization,177,21452.206426241857
NearestNeighbor,178,22675.62557043718
AntColonyOptimization,178,21342.950221766212
NearestNeighbor,179,22675.62557043718
AntColonyOptimization,179,22052.112154114337
NearestNeighbor,180,22675.62557043718
AntColonyOptimization,180,21193.234552412443
NearestNeighbor,181,22675.62557043718
AntColonyOptimization,181,21708.808178030544
NearestNeighbor,182,22675.62557043718
AntColonyOptimization,182,21734.95193211584
NearestNeighbor,183,22675.62557043718
AntColonyOptimization,183,22074.422916941043
NearestNeighbor,184,22675.62557043718
AntColonyOptimization,184,21806.69812215073
NearestNeighbor,185,22675.62557043718
AntColonyOptimization,185,21601.810858214514
NearestNeighbor,186,22675.62557043718
AntColonyOptimization,186,21716.63903196704
NearestNeighbor,187,22675.62557043718
AntColonyOptimization,187,21791.99946642436
NearestNeighbor,188,22675.62557043718
AntColonyOptimization,188,21553.556252487306
NearestNeighbor,189,22675.62557043718
AntColonyOptimization,189,21872.81055294159
NearestNeighbor,190,22675.62557043718
AntColonyOptimization,190,21562.186102751086
NearestNeighbor,191,22675.62557043718
AntColonyOptimization,191,21541.08657530832
NearestNeighbor,192,22675.62557043718
AntColonyOptimization,192,22058.08655738904
NearestNeighbor,193,22675.62557043718
AntColonyOptimization,193,21180.499126565355
NearestNeighbor,194,22675.62557043718
AntColonyOptimization,194,21408.66635437648
NearestNeighbor,195,22675.62557043718
AntColonyOptimization,195,22098.832199981796
NearestNeighbor,196,22675.62557043718
AntColonyOptimization,196,21137.01538135879
NearestNeighbor,197,22675.62557043718
AntColonyOptimization,197,21604.084158275386
NearestNeighbor,198,22675.62557043718
AntColonyOptimization,198,21614.502030158852
NearestNeighbor,199,22675.62557043718
AntColonyOptimization,199,21275.48518056353
NearestNeighbor,200,22675.62557043718
AntColonyOptimization,200,21066.067109781383
NearestNeighbor,201,22675.62557043718
AntColonyOptimization,201,21263.50713496099
NearestNeighbor,202,22675.62557043718
AntColonyOptimization,202,21502.607348233556
NearestNeighbor,203,22675.62557043718
AntColonyOptimization,203,21320.38820126034
NearestNeighbor,204,22675.62557043718
AntColonyOptimization,204,21446.297386117658
NearestNeighbor,205,22675.62557043718
AntColonyOptimization,205,21383.500165119556
NearestNeighbor,206,22675.62557043718
AntColonyOptimization,206,20624.079598441225
NearestNeighbor,207,22675.62557043718
AntColonyOptimization,207,21145.199868970623
NearestNeighbor,208,22675.62557043718
AntColonyOptimization,208,21317.84876917255
NearestNeighbor,209,22675.62557043718
AntColonyOptimization,209,21401.919569832564
NearestNeighbor,210,22675.62557043718
AntColonyOptimization,210,21521.622155488232
NearestNeighbor,211,22675.62557043718
AntColonyOptimization,211,21502.39726227899
NearestNeighbor,212,22675.62557043718
AntColonyOptimization,212,21954.081004015385
NearestNeighbor,213,22675.62557043718
AntColonyOptimization,213,21693.2631738246
NearestNeighbor,214,22675.62557043718
AntColonyOptimization,214,21890.407583927776
NearestNeighbor,215,22675.62557043718
AntColonyOptimization,215,21629.70918810468
NearestNeighbor,216,22675.62557043718
AntColonyOptimization,216,21385.6391166139
NearestNeighbor,217,22675.62557043718
AntColonyOptimization,217,21176.77876455666
NearestNeighbor,218,22675.62557043718
AntColonyOptimization,218,21358.86947223129
NearestNeighbor,219,22675.62557043718
AntColonyOptimization,219,20709.530096277605
NearestNeighbor,220,22675.62557043718
AntColonyOptimization,220,21386.828801094307
NearestNeighbor,221,22675.62557043718
AntColonyOptimization,221,21614.655128103535
NearestNeighbor,222,22675.62557043718
AntColonyOptimization,222,21423.197664079955
NearestNeighbor,223,22675.62557043718
AntColonyOptimization,223,21309.36962892117
NearestNeighbor,224,22675.62557043718
AntColonyOptimization,224,21532.42393436983
NearestNeighbor,225,22675.62557043718
AntColonyOptimization,225,21691.355472082643
NearestNeighbor,226,22675.62557043718
AntColonyOptimization,226,21933.732106052437
NearestNeighbor,227,22675.62557043718
AntColonyOptimization,227,21730.708411517182
NearestNeighbor,228,22675.62557043718
AntColonyOptimization,228,22299.22399950726
NearestNeighbor,229,22675.62557043718
AntColonyOptimization,229,21124.628688933863
NearestNeighbor,230,22675.62557043718
AntColonyOptimization,230,21204.863701975195
NearestNeighbor,231,22675.62557043718
AntColonyOptimization,231,21545.25876758259
NearestNeighbor,232,22675.62557043718
AntColonyOptimization,232,21880.039233495736
NearestNeighbor,233,22675.62557043718
AntColonyOptimization,233,21440.080878641707
NearestNeighbor,234,22675.62557043718
AntColonyOptimization,234,21356.86940466318
NearestNeighbor,235,22675.62557043718
AntColonyOptimization,235,21875.692479692534
NearestNeighbor,236,22675.62557043718
AntColonyOptimization,236,20956.092888969597
NearestNeighbor,237,22675.62557043718
AntColonyOptimization,237,21548.124261395704
NearestNeighbor,238,22675.62557043718
AntColonyOptimization,238,21501.78270210363
NearestNeighbor,239,22675.62557043718
AntColonyOptimization,239,21514.99120565941
NearestNeighbor,240,22675.62557043718
AntColonyOptimization,240,22004.085880039376
NearestNeighbor,241,22675.62557043718
AntColonyOptimization,241,21822.525803129236
NearestNeighbor,242,22675.62557043718
AntColonyOptimization,242,21534.75006824981
NearestNeighbor,243,22675.62557043718
AntColonyOptimization,243,21687.32283166173
NearestNeighbor,244,22675.62557043718
AntColonyOptimization,244,21320.090579032596
NearestNeighbor,245,22675.62557043718
AntColonyOptimization,245,21775.529908641194
NearestNeighbor,246,22675.62557043718
AntColonyOptimization,246,21836.629997481818
NearestNeighbor,247,22675.62557043718
AntColonyOptimization,247,21528.05775007803
NearestNeighbor,248,22675.62557043718
AntColonyOptimization,248,21469.75651521519
NearestNeighbor,249,22675.62557043718
AntColonyOptimization,249,21302.438324729286
NearestNeighbor,250,22675.62557043718
AntColonyOptimization,250,21590.19895337824
NearestNeighbor,251,22675.62557043718
AntColonyOptimization,251,21586.31310450764
NearestNeighbor,252,22675.62557043718
AntColonyOptimization,252,21377.67715604203
NearestNeighbor,253,22675.62557043718
AntColonyOptimization,253,21699.831862940697
NearestNeighbor,254,22675.62557043718
AntColonyOptimization,254,22177.014696644364
NearestNeighbor,255,22675.62557043718
AntColonyOptimization,255,22186.371286152567
NearestNeighbor,256,22675.62557043718
AntColonyOptimization,256,21603.886213473375
NearestNeighbor,257,22675.62557043718
AntColonyOptimization,257,21894.837392082372
NearestNeighbor,258,22675.62557043718
AntColonyOptimization,258,21208.348208617266
NearestNeighbor,259,22675.62557043718
AntColonyOptimization,259,21777.709690163712
NearestNeighbor,260,22675.62557043718
AntColonyOptimization,260,21794.026860436366
NearestNeighbor,261,22675.62557043718
AntColonyOptimization,261,21388.26092500865
NearestNeighbor,262,22675.62557043718
AntColonyOptimization,262,21850.611725830655
NearestNeighbor,263,22675.62557043718
AntColonyOptimization,263,21623.895472080127
NearestNeighbor,264,22675.62557043718
AntColonyOptimization,264,20633.4926664243
NearestNeighbor,265,22675.62557043718
AntColonyOptimization,265,21520.858313437162
NearestNeighbor,266,22675.62557043718
AntColonyOptimization,266,21252.3099534756
NearestNeighbor,267,22675.62557043718
AntColonyOptimization,267,21824.889992487366
NearestNeighbor,268,22675.62557043718
AntColonyOptimization,268,21805.926435425077
NearestNeighbor,269,22675.62557043718
AntColonyOptimization,269,21630.574028125517
NearestNeighbor,270,22675.62557043718
AntColonyOptimization,270,21012.661451636246
NearestNeighbor,271,22675.62557043718
AntColonyOptimization,271,21262.187858146688
NearestNeighbor,272,22675.62557043718
AntColonyOptimization,272,21232.01288838989
NearestNeighbor,273,22675.62557043718
AntColonyOptimization,273,21512.602128323768
NearestNeighbor,274,22675.62557043718
AntColonyOptimization,274,21175.538078999958
NearestNeighbor,275,22675.62557043718
AntColonyOptimization,275,21294.250147608785
NearestNeighbor,276,22675.62557043718
AntColonyOptimization,276,21910.09072945026
NearestNeighbor,277,22675.62557043718
AntColonyOptimization,277,21551.88633565663
NearestNeighbor,278,22675.62557043718
AntColonyOptimization,278,21331.40597885682
NearestNeighbor,279,22675.62557043718
AntColonyOptimization,279,20929.685159089535
NearestNeighbor,280,22675.62557043718
AntColonyOptimization,280,21144.12527404685
NearestNeighbor,281,22675.62557043718
AntColonyOptimization,281,21950.402426457083
NearestNeighbor,282,22675.62557043718
AntColonyOptimization,282,21401.402809842588
NearestNeighbor,283,22675.62557043718
AntColonyOptimization,283,21482.291718975303
NearestNeighbor,284,22675.62557043718
AntColonyOptimization,284,21936.72087136539
NearestNeighbor,285,22675.62557043718
AntColonyOptimization,285,21851.468628618015
NearestNeighbor,286,22675.62557043718
AntColonyOptimization,286,21096.78774241961
NearestNeighbor,287,22675.62557043718
AntColonyOptimization,287,21798.656515154056
NearestNeighbor,288,22675.62557043718
AntColonyOptimization,288,22006.909340415565
NearestNeighbor,289,22675.62557043718
AntColonyOptimization,289,21934.777391990734
NearestNeighbor,290,22675.62557043718
AntColonyOptimization,290,21748.030018948626
NearestNeighbor,291,22675.62557043718
AntColonyOptimization,291,21301.07928214463
NearestNeighbor,292,22675.62557043718
AntColonyOptimization,292,20829.37694584887
NearestNeighbor,293,22675.62557043718
AntColonyOptimization,293,21376.198808996327
NearestNeighbor,294,22675.62557043718
AntColonyOptimization,294,21089.474731416572
NearestNeighbor,295,22675.62557043718
AntColonyOptimization,295,21755.87739725012
NearestNeighbor,296,22675.62557043718
AntColonyOptimization,296,21459.25907981843
NearestNeighbor,297,22675.62557043718
AntColonyOptimization,297,21624.84582649396
NearestNeighbor,298,22675.62557043718
AntColonyOptimization,298,21243.01771113597
NearestNeighbor,299,22675.62557043718
AntColonyOptimization,299,21295.734335834666
NearestNeighbor,300,22675.62557043718
AntColonyOptimization,300,21419.857559748965
NearestNeighbor,301,22675.62557043718
AntColonyOptimization,301,21272.150757367966
NearestNeighbor,302,22675.62557043718
AntColonyOptimization,302,21712.499833372276
NearestNeighbor,303,22675.62557043718
AntColonyOptimization,303,21221.909599316397
NearestNeighbor,304,22675.62557043718
AntColonyOptimization,304,22147.483319736442
NearestNeighbor,305,22675.62557043718
AntColonyOptimization,305,21486.171318403995
NearestNeighbor,306,22675.62557043718
AntColonyOptimization,306,21889.70935772839
NearestNeighbor,307,22675.62557043718
AntColonyOptimization,307,21213.177179267706
NearestNeighbor,308,22675.62557043718
AntColonyOptimization,308,21560.298264791203
NearestNeighbor,309,22675.62557043718
AntColonyOptimization,309,21708.35246939134
NearestNeighbor,310,22675.62557043718
AntColonyOptimization,310,21029.097613314672
NearestNeighbor,311,22675.62557043718
AntColonyOptimization,311,21307.126203133204
NearestNeighbor,312,22675.62557043718
AntColonyOptimization,312,21787.973412546326
NearestNeighbor,313,22675.62557043718
AntColonyOptimization,313,21307.37531677233
NearestNeighbor,314,22675.62557043718
AntColonyOptimization,314,21545.17902677515
NearestNeighbor,315,22675.62557043718
AntColonyOptimization,315,21504.808299876167
NearestNeighbor,316,22675.62557043718
AntColonyOptimization,316,21205.275251045114
NearestNeighbor,317,22675.62557043718
AntColonyOptimization,317,21080.478131212247
NearestNeighbor,318,22675.62557043718
AntColonyOptimization,318,22061.153934392576
NearestNeighbor,319,22675.62557043718
AntColonyOptimization,319,21461.2985305177
NearestNeighbor,320,22675.62557043718
AntColonyOptimization,320,21540.101520349224
NearestNeighbor,321,22675.62557043718
AntColonyOptimization,321,21330.128666572866
NearestNeighbor,322,22675.62557043718
AntColonyOptimization,322,21484.765219824392
NearestNeighbor,323,22675.62557043718
AntColonyOptimization,323,21332.946962466423
NearestNeighbor,324,22675.62557043718
AntColonyOptimization,324,21703.16547901078
NearestNeighbor,325,22675.62557043718
AntColonyOptimization,325,21680.495804516373
NearestNeighbor,326,22675.62557043718
AntColonyOptimization,326,21343.035480121172
NearestNeighbor,327,22675.62557043718
AntColonyOptimization,327,21623.14068338328
NearestNeighbor,328,22675.62557043718
AntColonyOptimization,328,21557.801460130453
NearestNeighbor,329,22675.62557043718
AntColonyOptimization,329,22016.17573554452
NearestNeighbor,330,22675.62557043718
AntColonyOptimization,330,21873.451515277175
NearestNeighbor,331,22675.62557043718
AntColonyOptimization,331,22103.506262261188
NearestNeighbor,332,22675.62557043718
AntColonyOptimization,332,21054.438304654836
NearestNeighbor,333,22675.62557043718
AntColonyOptimization,333,21610.7404451769
NearestNeighbor,334,22675.62557043718
AntColonyOptimization,334,21727.56688860362
NearestNeighbor,335,22675.62557043718
AntColonyOptimization,335,21949.161316920632
NearestNeighbor,336,22675.62557043718
AntColonyOptimization,336,21980.32711116024
NearestNeighbor,337,22675.62557043718
AntColonyOptimization,337,21097.777660678785
NearestNeighbor,338,22675.62557043718
AntColonyOptimization,338,22032.994268377483
NearestNeighbor,339,22675.62557043718
AntColonyOptimization,339,21910.907510803056
NearestNeighbor,340,22675.62557043718
AntColonyOptimization,340,21069.378802417203
NearestNeighbor,341,22675.62557043718
AntColonyOptimization,341,21651.609174686277
NearestNeighbor,342,22675.62557043718
AntColonyOptimization,342,21209.320690579963
NearestNeighbor,343,22675.62557043718
AntColonyOptimization,343,21654.663102694132
NearestNeighbor,344,22675.62557043718
AntColonyOptimization,344,21517.158766264103
NearestNeighbor,345,22675.62557043718
AntColonyOptimization,345,21704.91120395233
NearestNeighbor,346,22675.62557043718
AntColonyOptimization,346,21633.94111894202
NearestNeighbor,347,22675.62557043718
AntColonyOptimization,347,21750.88875627697
NearestNeighbor,348,22675.62557043718
AntColonyOptimization,348,21376.20870797791
NearestNeighbor,349,22675.62557043718
AntColonyOptimization,349,21718.90736704785
NearestNeighbor,350,22675.62557043718
AntColonyOptimization,350,21505.863101613348
NearestNeighbor,351,22675.62557043718
AntColonyOptimization,351,21112.318774191495
NearestNeighbor,352,22675.62557043718
AntColonyOptimization,352,21668.64095319552
NearestNeighbor,353,22675.62557043718
AntColonyOptimization,353,21515.2012929269
NearestNeighbor,354,22675.62557043718
AntColonyOptimization,354,21225.80725002634
NearestNeighbor,355,22675.62557043718
AntColonyOptimization,355,22153.045296117663
NearestNeighbor,356,22675.62557043718
AntColonyOptimization,356,21985.159381618585
NearestNeighbor,357,22675.62557043718
AntColonyOptimization,357,21798.16628805548
NearestNeighbor,358,22675.62557043718
AntColonyOptimization,358,21705.81845835971
NearestNeighbor,359,22675.62557043718
AntColonyOptimization,359,21458.755709187597
NearestNeighbor,360,22675.62557043718
AntColonyOptimization,360,21313.059459535525
NearestNeighbor,361,22675.62557043718
AntColonyOptimization,361,20995.725526125476
NearestNeighbor,362,22675.62557043718
AntColonyOptimization,362,21652.222696320587
NearestNeighbor,363,22675.62557043718
AntColonyOptimization,363,21779.50510209797
NearestNeighbor,364,22675.62557043718
AntColonyOptimization,364,21211.741235718364
NearestNeighbor,365,22675.62557043718
AntColonyOptimization,365,21957.476979858257
NearestNeighbor,366,22675.62557043718
AntColonyOptimization,366,21707.13084987647
NearestNeighbor,367,22675.62557043718
AntColonyOptimization,367,21084.30996875669
NearestNeighbor,368,22675.62557043718
AntColonyOptimization,368,21304.668961365394
NearestNeighbor,369,22675.62557043718
AntColonyOptimization,369,21883.962165685338
NearestNeighbor,370,22675.62557043718
AntColonyOptimization,370,21680.26008911334
NearestNeighbor,371,22675.62557043718
AntColonyOptimization,371,21272.88859948936
NearestNeighbor,372,22675.62557043718
AntColonyOptimization,372,21670.720462603414
NearestNeighbor,373,22675.62557043718
AntColonyOptimization,373,21632.498443449196
NearestNeighbor,374,22675.62557043718
AntColonyOptimization,374,21734.65811909211
NearestNeighbor,375,22675.62557043718
AntColonyOptimization,375,21659.71094474703
NearestNeighbor,376,22675.62557043718
AntColonyOptimization,376,21944.5670537487
NearestNeighbor,377,22675.62557043718
AntColonyOptimization,377,21759.089691001638
NearestNeighbor,378,22675.62557043718
AntColonyOptimization,378,21596.33258529918
NearestNeighbor,379,22675.62557043718
AntColonyOptimization,379,21610.9162803546
NearestNeighbor,380,22675.62557043718
AntColonyOptimization,380,22170.677741500207
NearestNeighbor,381,22675.62557043718
AntColonyOptimization,381,21707.38142400105
NearestNeighbor,382,22675.62557043718
AntColonyOptimization,382,22161.931028878025
NearestNeighbor,383,22675.62557043718
AntColonyOptimization,383,21518.6079453608
NearestNeighbor,384,22675.62557043718
AntColonyOptimization,384,22034.259304929747
NearestNeighbor,385,22675.62557043718
AntColonyOptimization,385,21446.4552552283
NearestNeighbor,386,22675.62557043718
AntColonyOptimization,386,20552.875393980245
NearestNeighbor,387,22675.62557043718
AntColonyOptimization,387,22073.677371498823
NearestNeighbor,388,22675.62557043718
AntColonyOptimization,388,21475.27658524684
NearestNeighbor,389,22675.62557043718
AntColonyOptimization,389,21558.373386863263
NearestNeighbor,390,22675.62557043718
AntColonyOptimization,390,21190.95138260328
NearestNeighbor,391,22675.62557043718
AntColonyOptimization,391,21505.598781483674
NearestNeighbor,392,22675.62557043718
AntColonyOptimization,392,21469.21067507944
NearestNeighbor,393,22675.62557043718
AntColonyOptimization,393,21971.450071712236
NearestNeighbor,394,22675.62557043718
AntColonyOptimization,394,21388.04390830119
NearestNeighbor,395,22675.62557043718
AntColonyOptimization,395,21998.075448059637
NearestNeighbor,396,22675.62557043718
AntColonyOptimization,396,21721.49717323532
NearestNeighbor,397,22675.62557043718
AntColonyOptimization,397,21686.60604678178
NearestNeighbor,398,22675.62557043718
AntColonyOptimization,398,21103.547432846364
NearestNeighbor,399,22675.62557043718
AntColonyOptimization,399,22011.525151580765
NearestNeighbor,400,22675.62557043718
AntColonyOptimization,400,21251.209272863558
NearestNeighbor,401,22675.62557043718
AntColonyOptimization,401,21874.84072277442
NearestNeighbor,402,22675.62557043718
AntColonyOptimization,402,21845.26811238627
NearestNeighbor,403,22675.62557043718
AntColonyOptimization,403,21526.915274841056
NearestNeighbor,404,22675.62557043718
AntColonyOptimization,404,21866.336865481408
NearestNeighbor,405,22675.62557043718
AntColonyOptimization,405,21048.08210444978
NearestNeighbor,406,22675.62557043718
AntColonyOptimization,406,21390.926768829977
NearestNeighbor,407,22675.62557043718
AntColonyOptimization,407,21844.902897798216
NearestNeighbor,408,22675.62557043718
AntColonyOptimization,408,21904.550046818524
NearestNeighbor,409,22675.62557043718
AntColonyOptimization,409,21729.04641129602
NearestNeighbor,410,22675.62557043718
AntColonyOptimization,410,21469.06005464687
NearestNeighbor,411,22675.62557043718
AntColonyOptimization,411,21024.862854639574
NearestNeighbor,412,22675.62557043718
AntColonyOptimization,412,21608.67506664259
NearestNeighbor,413,22675.62557043718
AntColonyOptimization,413,21954.14275714006
NearestNeighbor,414,22675.62557043718
AntColonyOptimization,414,22234.00266739641
NearestNeighbor,415,22675.62557043718
AntColonyOptimization,415,21458.29081583565
NearestNeighbor,416,22675.62557043718
AntColonyOptimization,416,21627.78983419293
NearestNeighbor,417,22675.62557043718
AntColonyOptimization,417,20908.02314718745
NearestNeighbor,418,22675.62557043718
AntColonyOptimization,418,21978.514216760308
NearestNeighbor,419,22675.62557043718
AntColonyOptimization,419,21434.914330666896
NearestNeighbor,420,22675.62557043718
AntColonyOptimization,420,21291.2712428211
NearestNeighbor,421,22675.62557043718
AntColonyOptimization,421,21011.70517940627
NearestNeighbor,422,22675.62557043718
AntColonyOptimization,422,21737.77555561091
NearestNeighbor,423,22675.62557043718
AntColonyOptimization,423,21182.925176974542
NearestNeighbor,424,22675.62557043718
AntColonyOptimization,424,21240.68248450063
NearestNeighbor,425,22675.62557043718
AntColonyOptimization,425,21803.92695016538
NearestNeighbor,426,22675.62557043718
AntColonyOptimization,426,21411.307975863332
NearestNeighbor,427,22675.62557043718
AntColonyOptimization,427,21852.26235795832
NearestNeighbor,428,22675.62557043718
AntColonyOptimization,428,21691.236579147102
NearestNeighbor,429,22675.62557043718
AntColonyOptimization,429,21115.01758876783
NearestNeighbor,430,22675.62557043718
AntColonyOptimization,430,21234.960374384405
NearestNeighbor,431,22675.62557043718
AntColonyOptimization,431,21290.533647033462
NearestNeighbor,432,22675.62557043718
AntColonyOptimization,432,22145.749960999965
NearestNeighbor,433,22675.62557043718
AntColonyOptimization,433,21201.070525717452
NearestNeighbor,434,22675.62557043718
AntColonyOptimization,434,21568.85732645335
NearestNeighbor,435,22675.62557043718
AntColonyOptimization,435,22091.4732424711
NearestNeighbor,436,22675.62557043718
AntColonyOptimization,436,21782.438847200032
NearestNeighbor,437,22675.62557043718
AntColonyOptimization,437,21399.259049528962
NearestNeighbor,438,22675.62557043718
AntColonyOptimization,438,21218.656983687622
NearestNeighbor,439,22675.62557043718
AntColonyOptimization,439,21502.893165644167
NearestNeighbor,440,22675.62557043718
AntColonyOptimization,440,20996.34568343481
NearestNeighbor,441,22675.62557043718
AntColonyOptimization,441,21549.667001778107
NearestNeighbor,442,22675.62557043718
AntColonyOptimization,442,21469.313631216242
NearestNeighbor,443,22675.62557043718
AntColonyOptimization,443,21747.383633389643
NearestNeighbor,444,22675.62557043718
AntColonyOptimization,444,21785.050137331116
NearestNeighbor,445,22675.62557043718
AntColonyOptimization,445,21619.309811337982
NearestNeighbor,446,22675.62557043718
AntColonyOptimization,446,21189.168643049543
NearestNeighbor,447,22675.62557043718
AntColonyOptimization,447,21011.668182717178
NearestNeighbor,448,22675.62557043718
AntColonyOptimization,448,21560.717517027788
NearestNeighbor,449,22675.62557043718
AntColonyOptimization,449,21524.46701010694
NearestNeighbor,450,22675.62557043718
AntColonyOptimization,450,21498.70017448094
NearestNeighbor,451,22675.62557043718
AntColonyOptimization,451,21236.65532705707
NearestNeighbor,452,22675.62557043718
AntColonyOptimization,452,21258.20668052586
NearestNeighbor,453,22675.62557043718
AntColonyOptimization,453,22355.324793775544
NearestNeighbor,454,22675.62557043718
AntColonyOptimization,454,21607.33903950775
NearestNeighbor,455,22675.62557043718
AntColonyOptimization,455,21110.826043264726
NearestNeighbor,456,22675.62557043718
AntColonyOptimization,456,21745.075699567114
NearestNeighbor,457,22675.62557043718
AntColonyOptimization,457,21081.078701147228
NearestNeighbor,458,22675.62557043718
AntColonyOptimization,458,21046.57028544192
NearestNeighbor,459,22675.62557043718
AntColonyOptimization,459,21338.399330606528
NearestNeighbor,460,22675.62557043718
AntColonyOptimization,460,21555.88309654432
NearestNeighbor,461,22675.62557043718
AntColonyOptimization,461,21921.11702499852
NearestNeighbor,462,22675.62557043718
AntColonyOptimization,462,21750.735848363624
NearestNeighbor,463,22675.62557043718
AntColonyOptimization,463,21722.447701162768
NearestNeighbor,464,22675.62557043718
AntColonyOptimization,464,21914.587999732794
NearestNeighbor,465,22675.62557043718
AntColonyOptimization,465,21176.341730916276
NearestNeighbor,466,22675.62557043718
AntColonyOptimization,466,21384.277305554657
NearestNeighbor,467,22675.62557043718
AntColonyOptimization,467,21532.74136529873
NearestNeighbor,468,22675.62557043718
AntColonyOptimization,468,21200.34689413321
NearestNeighbor,469,22675.62557043718
AntColonyOptimization,469,21883.328821218343
NearestNeighbor,470,22675.62557043718
AntColonyOptimization,470,21744.83983645841
NearestNeighbor,471,22675.62557043718
AntColonyOptimization,471,20735.625580036132
NearestNeighbor,472,22675.62557043718
AntColonyOptimization,472,20558.50699588334
NearestNeighbor,473,22675.62557043718
AntColonyOptimization,473,21341.404864161068
NearestNeighbor,474,22675.62557043718
AntColonyOptimization,474,21799.51899368801
NearestNeighbor,475,22675.62557043718
AntColonyOptimization,475,21406.476815427486
NearestNeighbor,476,22675.62557043718
AntColonyOptimization,476,21722.02950468945
NearestNeighbor,477,22675.62557043718
AntColonyOptimization,477,22090.252218064932
NearestNeighbor,478,22675.62557043718
AntColonyOptimization,478,21809.90631724519
NearestNeighbor,479,22675.62557043718
AntColonyOptimization,479,21435.573604815363
NearestNeighbor,480,22675.62557043718
AntColonyOptimization,480,21915.49320110221
NearestNeighbor,481,22675.62557043718
AntColonyOptimization,481,21361.800159330232
NearestNeighbor,482,22675.62557043718
AntColonyOptimization,482,21477.317391900746
NearestNeighbor,483,22675.62557043718
AntColonyOptimization,483,20987.776998935395
NearestNeighbor,484,22675.62557043718
AntColonyOptimization,484,21188.73895467789
NearestNeighbor,485,22675.62557043718
AntColonyOptimization,485,21476.498821471072
NearestNeighbor,486,22675.62557043718
AntColonyOptimization,486,21682.37395109773
NearestNeighbor,487,22675.62557043718
AntColonyOptimization,487,21699.123000661297
NearestNeighbor,488,22675.62557043718
AntColonyOptimization,488,21233.442899646314
NearestNeighbor,489,22675.62557043718
AntColonyOptimization,489,21584.469626470134
NearestNeighbor,490,22675.62557043718
AntColonyOptimization,490,21879.852610001675
NearestNeighbor,491,22675.62557043718
AntColonyOptimization,491,21150.386365281494
NearestNeighbor,492,22675.62557043718
AntColonyOptimization,492,20904.610842238813
NearestNeighbor,493,22675.62557043718
AntColonyOptimization,493,21929.969100787595
NearestNeighbor,494,22675.62557043718
AntColonyOptimization,494,21701.564778128057
NearestNeighbor,495,22675.62557043718
AntColonyOptimization,495,21838.49895878733
NearestNeighbor,496,22675.62557043718
AntColonyOptimization,496,21628.95921367109
NearestNeighbor,497,22675.62557043718
AntColonyOptimization,497,21363.618652800837
NearestNeighbor,498,22675.62557043718
AntColonyOptimization,498,20899.84016023846
NearestNeighbor,499,22675.62557043718
AntColonyOptimization,499,21607.742726734305
Ant Colony Optimization,5,4877.88173627341
Ant Colony Optimization,5,4877.88173627341
